Entity,Code,Year,Nitrogen oxide (NOx),Sulphur dioxide (SO₂) emissions,Carbon monoxide (CO) emissions,Organic carbon (OC) emissions,Non-methane volatile organic compounds (NMVOC) emissions,Black carbon (BC) emissions,Ammonia (NH₃) emissions,Unnamed: 10,Median,Mean,Std
India,IND,1750,30488.506,34813.883,8360133.5,416970.56,964998.75,122179.055,479372.88,0.0,175894.305,1303766.0090701755,2483992.905506062
India,IND,1760,31085.959,35436.08,8509232.0,424385.12,982068.06,124343.67,488997.53,0.0,175894.305,1303766.0090701755,2483992.905506062
India,IND,1770,31692.695,36060.594,8658843.0,431822.25,999177.1,126513.8,498799.97,0.0,175894.305,1303766.0090701755,2483992.905506062
India,IND,1780,32308.56,36686.246,8808680.0,439267.25,1016290.4,128685.0,508781.62,0.0,175894.305,1303766.0090701755,2483992.905506062
India,IND,1790,32933.355,37311.703,8958415.0,446703.34,1033367.5,130852.21,518943.75,0.0,175894.305,1303766.0090701755,2483992.905506062
India,IND,1800,33566.84,37935.434,9107674.0,454111.47,1050362.2,133009.67,529287.25,0.0,175894.305,1303766.0090701755,2483992.905506062
India,IND,1801,33676.016,37997.734,9122577.0,454850.75,1052056.5,133224.83,530990.56,0.0,175894.305,1303766.0090701755,2483992.905506062
India,IND,1802,33785.355,38059.977,9137466.0,455589.25,1053748.9,133439.75,532696.4,0.0,175894.305,1303766.0090701755,2483992.905506062
India,IND,1803,33894.863,38122.156,9152339.0,456327.0,1055439.5,133654.44,534404.75,0.0,175894.305,1303766.0090701755,2483992.905506062
India,IND,1804,34004.535,38184.277,9167197.0,457064.0,1057128.2,133868.9,536115.7,0.0,175894.305,1303766.0090701755,2483992.905506062
India,IND,1805,34114.37,38246.332,9182041.0,457800.22,1058815.2,134083.12,537829.2,0.0,175894.305,1303766.0090701755,2483992.905506062
India,IND,1806,34224.375,38308.33,9196869.0,458535.7,1060500.4,134297.14,539545.2,0.0,175894.305,1303766.0090701755,2483992.905506062
India,IND,1807,34333.79,38370.26,9211682.0,459270.38,1062183.6,134510.9,541252.75,0.0,175894.305,1303766.0090701755,2483992.905506062
India,IND,1808,34444.12,38432.133,9226480.0,460004.3,1063865.0,134724.45,542973.8,0.0,175894.305,1303766.0090701755,2483992.905506062
India,IND,1809,34554.62,38493.945,9241264.0,460737.5,1065544.6,134937.77,544697.4,0.0,175894.305,1303766.0090701755,2483992.905506062
India,IND,1810,34665.285,38555.695,9256032.0,461469.9,1067222.4,135150.86,546423.5,0.0,175894.305,1303766.0090701755,2483992.905506062
India,IND,1811,34777.12,38617.484,9270805.0,462202.16,1068898.2,135363.75,548171.9,0.0,175894.305,1303766.0090701755,2483992.905506062
India,IND,1812,34889.12,38679.207,9285561.0,462933.56,1070572.0,135576.39,549922.8,0.0,175894.305,1303766.0090701755,2483992.905506062
India,IND,1813,35001.293,38740.863,9300300.0,463664.1,1072243.8,135788.78,551676.4,0.0,175894.305,1303766.0090701755,2483992.905506062
India,IND,1814,35113.63,38802.45,9315023.0,464393.78,1073913.5,136000.9,553432.44,0.0,175894.305,1303766.0090701755,2483992.905506062
India,IND,1815,35226.133,38863.965,9329729.0,465122.62,1075581.1,136212.78,555191.1,0.0,175894.305,1303766.0090701755,2483992.905506062
India,IND,1816,35338.035,38925.41,9344418.0,465850.6,1077246.6,136424.4,556941.25,0.0,175894.305,1303766.0090701755,2483992.905506062
India,IND,1817,35450.87,38986.79,9359090.0,466577.75,1078910.2,136635.77,558705.06,0.0,175894.305,1303766.0090701755,2483992.905506062
India,IND,1818,35563.875,39048.1,9373746.0,467304.0,1080571.8,136846.88,560471.44,0.0,175894.305,1303766.0090701755,2483992.905506062
India,IND,1819,35677.047,39109.34,9388385.0,468029.44,1082231.2,137057.72,562240.44,0.0,175894.305,1303766.0090701755,2483992.905506062
India,IND,1820,35790.387,39170.516,9403007.0,468754.0,1083888.6,137268.31,564011.94,0.0,175894.305,1303766.0090701755,2483992.905506062
India,IND,1821,35932.082,39261.273,9424725.0,469831.9,1086361.2,137582.22,566234.56,0.0,175894.305,1303766.0090701755,2483992.905506062
India,IND,1822,36074.004,39351.93,9446418.0,470908.53,1088830.8,137895.72,568460.75,0.0,175894.305,1303766.0090701755,2483992.905506062
India,IND,1823,36216.16,39442.48,9468085.0,471983.8,1091297.0,138208.84,570690.5,0.0,175894.305,1303766.0090701755,2483992.905506062
India,IND,1824,36358.547,39532.926,9489727.0,473057.78,1093760.2,138521.56,572923.9,0.0,175894.305,1303766.0090701755,2483992.905506062
India,IND,1825,36501.164,39623.266,9511342.0,474130.47,1096220.4,138833.9,575160.9,0.0,175894.305,1303766.0090701755,2483992.905506062
India,IND,1826,36643.227,39713.5,9532933.0,475201.84,1098677.2,139145.84,577390.0,0.0,175894.305,1303766.0090701755,2483992.905506062
India,IND,1827,36786.305,39803.63,9554497.0,476271.9,1101131.1,139457.39,579634.1,0.0,175894.305,1303766.0090701755,2483992.905506062
India,IND,1828,36929.617,39893.65,9576036.0,477340.66,1103581.8,139768.53,581881.8,0.0,175894.305,1303766.0090701755,2483992.905506062
India,IND,1829,37073.16,39983.566,9597548.0,478408.1,1106029.2,140079.3,584133.1,0.0,175894.305,1303766.0090701755,2483992.905506062
India,IND,1830,37216.934,40073.38,9619036.0,479474.22,1108473.8,140389.67,586388.06,0.0,175894.305,1303766.0090701755,2483992.905506062
India,IND,1831,37436.383,40242.89,9659646.0,481493.06,1113118.5,140978.8,589840.06,0.0,175894.305,1303766.0090701755,2483992.905506062
India,IND,1832,37656.23,40412.2,9700208.0,483509.4,1117757.4,141567.19,593298.25,0.0,175894.305,1303766.0090701755,2483992.905506062
India,IND,1833,37876.48,40581.305,9740720.0,485523.25,1122390.2,142154.81,596762.75,0.0,175894.305,1303766.0090701755,2483992.905506062
India,IND,1834,38097.13,40750.21,9781182.0,487534.6,1127017.0,142741.7,600233.5,0.0,175894.305,1303766.0090701755,2483992.905506062
India,IND,1835,38318.18,40918.914,9821596.0,489543.44,1131637.9,143327.83,603710.5,0.0,175894.305,1303766.0090701755,2483992.905506062
India,IND,1836,38538.805,41087.414,9861960.0,491549.75,1136252.6,143913.2,607181.9,0.0,175894.305,1303766.0090701755,2483992.905506062
India,IND,1837,38760.65,41255.71,9902276.0,493553.56,1140861.5,144497.83,610671.3,0.0,175894.305,1303766.0090701755,2483992.905506062
India,IND,1838,38982.895,41423.81,9942541.0,495554.88,1145464.2,145081.69,614167.0,0.0,175894.305,1303766.0090701755,2483992.905506062
India,IND,1839,39205.543,41591.703,9982758.0,497553.7,1150061.0,145664.81,617669.0,0.0,175894.305,1303766.0090701755,2483992.905506062
India,IND,1840,39428.59,41759.4,10022926.0,499549.97,1154651.9,146247.17,621177.2,0.0,175894.305,1303766.0090701755,2483992.905506062
India,IND,1841,39659.98,41933.793,10064694.0,501625.47,1159423.1,146852.5,624822.44,0.0,175894.305,1303766.0090701755,2483992.905506062
India,IND,1842,39891.79,42107.96,10106405.0,503698.1,1164187.6,147456.97,628474.2,0.0,175894.305,1303766.0090701755,2483992.905506062
India,IND,1843,40124.01,42281.895,10148061.0,505767.8,1168945.1,148060.56,632132.44,0.0,175894.305,1303766.0090701755,2483992.905506062
India,IND,1844,40356.645,42455.598,10189659.0,507834.7,1173695.9,148663.31,635797.25,0.0,175894.305,1303766.0090701755,2483992.905506062
India,IND,1845,40588.836,42629.07,10231202.0,509898.66,1178439.6,149265.19,639456.1,0.0,175894.305,1303766.0090701755,2483992.905506062
India,IND,1846,40822.297,42802.31,10272687.0,511959.78,1183176.5,149866.19,643133.9,0.0,175894.305,1303766.0090701755,2483992.905506062
India,IND,1847,41056.168,42975.316,10314117.0,514018.0,1187906.5,150466.34,646818.2,0.0,175894.305,1303766.0090701755,2483992.905506062
India,IND,1848,41290.453,43148.09,10355489.0,516073.38,1192629.6,151065.62,650509.0,0.0,175894.305,1303766.0090701755,2483992.905506062
India,IND,1849,41525.152,43320.633,10396806.0,518125.84,1197345.9,151664.05,654206.25,0.0,175894.305,1303766.0090701755,2483992.905506062
India,IND,1850,41859.156,43523.15,10444218.0,520405.72,1202090.0,152301.17,657915.2,0.0,175894.305,1303766.0090701755,2483992.905506062
India,IND,1851,42092.188,43770.883,10503979.0,523400.88,1209095.8,153186.08,661239.7,0.0,175894.305,1303766.0090701755,2483992.905506062
India,IND,1852,42325.98,44019.977,10564073.0,526412.94,1216142.1,154076.06,664572.25,0.0,175894.305,1303766.0090701755,2483992.905506062
India,IND,1853,42560.543,44270.445,10624501.0,529442.06,1223229.2,154971.16,667912.8,0.0,175894.305,1303766.0090701755,2483992.905506062
India,IND,1854,42795.88,44522.297,10685266.0,532488.2,1230357.5,155871.4,671261.44,0.0,175894.305,1303766.0090701755,2483992.905506062
India,IND,1855,43031.094,44775.535,10746370.0,535551.56,1237527.0,156776.83,674605.2,0.0,175894.305,1303766.0090701755,2483992.905506062
India,IND,1856,43268.98,45030.477,10807876.0,538634.94,1244738.4,157687.98,677969.94,0.0,175894.305,1303766.0090701755,2483992.905506062
India,IND,1857,43507.645,45286.824,10869726.0,541735.7,1251991.6,158604.36,681342.8,0.0,175894.305,1303766.0090701755,2483992.905506062
India,IND,1858,44832.5,49738.19,10936311.0,545073.56,1260476.4,159730.19,684834.94,0.0,175894.305,1303766.0090701755,2483992.905506062
India,IND,1859,45738.81,52547.055,11001560.0,548344.25,1268544.1,160782.56,688292.2,0.0,175894.305,1303766.0090701755,2483992.905506062
India,IND,1860,45998.5,52856.24,11064549.0,551501.7,1275945.2,161718.58,691691.3,0.0,175894.305,1303766.0090701755,2483992.905506062
India,IND,1861,45919.9,51563.812,11126258.0,554599.56,1282929.6,162581.45,695497.4,0.0,175894.305,1303766.0090701755,2483992.905506062
India,IND,1862,46389.004,52367.77,11190535.0,557826.1,1290556.9,163552.69,699357.44,0.0,175894.305,1303766.0090701755,2483992.905506062
India,IND,1863,46878.73,53239.13,11255247.0,561074.56,1298247.8,164532.88,703243.94,0.0,175894.305,1303766.0090701755,2483992.905506062
India,IND,1864,47114.508,53142.926,11319288.0,564289.5,1305702.4,165470.5,707115.5,0.0,175894.305,1303766.0090701755,2483992.905506062
India,IND,1865,47414.617,53291.562,11383950.0,567535.7,1313271.0,166425.67,710991.56,0.0,175894.305,1303766.0090701755,2483992.905506062
India,IND,1866,47946.145,54298.824,11449964.0,570817.8,1321134.1,167432.55,714915.7,0.0,175894.305,1303766.0090701755,2483992.905506062
India,IND,1867,46517.734,47972.49,11508392.0,573721.2,1326891.6,168075.27,718650.4,0.0,175894.305,1303766.0090701755,2483992.905506062
India,IND,1868,46849.84,48247.99,11574291.0,576998.94,1334622.4,169055.17,722563.1,0.0,175894.305,1303766.0090701755,2483992.905506062
India,IND,1869,47184.24,48524.996,11640558.0,580295.06,1342398.0,170040.72,726500.75,0.0,175894.305,1303766.0090701755,2483992.905506062
India,IND,1870,48124.242,50958.145,12232278.0,610325.2,1414268.0,179057.52,734316.9,0.0,175894.305,1303766.0090701755,2483992.905506062
India,IND,1871,48404.37,51063.39,12256307.0,611481.56,1416622.2,179376.8,736815.44,0.0,175894.305,1303766.0090701755,2483992.905506062
India,IND,1872,48684.02,51168.633,12280337.0,612637.94,1418976.6,179696.08,739304.5,0.0,175894.305,1303766.0090701755,2483992.905506062
India,IND,1873,48965.17,51274.246,12304457.0,613798.9,1421341.9,180016.73,741812.2,0.0,175894.305,1303766.0090701755,2483992.905506062
India,IND,1874,49246.78,51379.86,12328576.0,614959.8,1423707.0,180337.38,744324.06,0.0,175894.305,1303766.0090701755,2483992.905506062
India,IND,1875,49527.906,51485.473,12352696.0,616120.8,1426072.2,180658.02,746826.4,0.0,175894.305,1303766.0090701755,2483992.905506062
India,IND,1876,49813.06,51592.223,12377062.0,617294.4,1428449.4,180980.7,749347.5,0.0,175894.305,1303766.0090701755,2483992.905506062
India,IND,1877,50098.67,51698.977,12401428.0,618467.94,1430826.4,181303.39,751872.9,0.0,175894.305,1303766.0090701755,2483992.905506062
India,IND,1878,55247.61,69233.29,12445598.0,620624.94,1438536.9,182543.38,754886.44,0.0,175894.305,1303766.0090701755,2483992.905506062
India,IND,1879,55931.62,68449.4,12473404.0,621727.6,1443438.9,182812.08,757383.2,0.0,175894.305,1303766.0090701755,2483992.905506062
India,IND,1880,57090.074,70482.914,12502347.0,623004.25,1447818.4,183236.1,759971.75,0.0,175894.305,1303766.0090701755,2483992.905506062
India,IND,1881,57500.44,70410.65,12610042.0,628353.94,1459359.5,184769.73,767850.7,0.0,175894.305,1303766.0090701755,2483992.905506062
India,IND,1882,60228.598,74285.63,12730870.0,633915.44,1477458.6,186501.27,775860.56,0.0,175894.305,1303766.0090701755,2483992.905506062
India,IND,1883,60901.14,77101.21,12839940.0,639542.0,1487623.4,188227.48,783906.94,0.0,175894.305,1303766.0090701755,2483992.905506062
India,IND,1884,63597.465,80267.24,12962696.0,645141.44,1506385.2,189944.97,791936.4,0.0,175894.305,1303766.0090701755,2483992.905506062
India,IND,1885,62735.113,78118.51,13066937.0,650572.3,1514656.8,191432.98,799897.7,0.0,175894.305,1303766.0090701755,2483992.905506062
India,IND,1886,65589.67,80691.81,13214720.0,656270.7,1534320.0,193218.66,808007.4,0.0,175894.305,1303766.0090701755,2483992.905506062
India,IND,1887,67036.65,82950.98,13359414.0,662041.7,1548147.8,195044.89,816173.06,0.0,175894.305,1303766.0090701755,2483992.905506062
India,IND,1888,69504.66,85508.94,13514841.0,667819.9,1566135.6,196891.22,824974.5,0.0,175894.305,1303766.0090701755,2483992.905506062
India,IND,1889,73614.82,95822.71,13689197.0,673687.7,1589300.2,198872.66,833883.56,0.0,175894.305,1303766.0090701755,2483992.905506062
India,IND,1890,75686.68,105316.586,13858475.0,679530.0,1605493.0,200803.47,842810.25,0.0,175894.305,1303766.0090701755,2483992.905506062
India,IND,1891,77269.85,108486.74,13893976.0,680739.9,1611755.4,201303.8,846394.44,0.0,175894.305,1303766.0090701755,2483992.905506062
India,IND,1892,79630.72,112986.65,13936546.0,681989.06,1620378.2,201867.31,850029.75,0.0,175894.305,1303766.0090701755,2483992.905506062
India,IND,1893,82561.41,115326.27,13971732.0,683157.44,1633281.9,202301.66,853594.1,0.0,175894.305,1303766.0090701755,2483992.905506062
India,IND,1894,79858.484,115805.54,13985350.0,684380.75,1622559.4,202757.4,857209.3,0.0,175894.305,1303766.0090701755,2483992.905506062
India,IND,1895,85136.05,129523.68,14070603.0,685965.3,1636617.8,203817.38,861120.94,0.0,175894.305,1303766.0090701755,2483992.905506062
India,IND,1896,87373.086,135003.73,14127100.0,687695.56,1642775.6,204531.38,864837.7,0.0,175894.305,1303766.0090701755,2483992.905506062
India,IND,1897,91592.7,141087.62,14190936.0,689408.06,1657707.6,205234.52,868522.7,0.0,175894.305,1303766.0090701755,2483992.905506062
India,IND,1898,93882.97,149410.1,14257992.0,691280.56,1661251.2,206137.7,872358.94,0.0,175894.305,1303766.0090701755,2483992.905506062
India,IND,1899,97449.79,158065.17,14329432.0,693150.06,1670801.9,207037.56,876188.3,0.0,175894.305,1303766.0090701755,2483992.905506062
India,IND,1900,103716.21,175802.14,14441696.0,695372.25,1684078.9,208449.11,880274.9,0.0,175894.305,1303766.0090701755,2483992.905506062
India,IND,1901,112903.805,196821.11,14637396.0,700045.94,1719535.0,210392.78,878595.2,0.0,175894.305,1303766.0090701755,2483992.905506062
India,IND,1902,119448.17,220472.66,14843551.0,704985.2,1742154.1,212548.88,877023.4,0.0,175894.305,1303766.0090701755,2483992.905506062
India,IND,1903,125658.5,232640.88,14996740.0,709279.9,1771478.6,214004.23,875039.3,0.0,175894.305,1303766.0090701755,2483992.905506062
India,IND,1904,137478.2,262518.44,15241988.0,714147.7,1812677.5,216309.42,873436.9,0.0,175894.305,1303766.0090701755,2483992.905506062
India,IND,1905,142208.19,277124.75,15405667.0,718660.06,1834507.6,217943.33,871506.94,0.0,175894.305,1303766.0090701755,2483992.905506062
India,IND,1906,154317.88,312398.1,15659238.0,723803.5,1871726.5,220704.58,871020.6,0.0,175894.305,1303766.0090701755,2483992.905506062
India,IND,1907,161634.64,344286.28,15888057.0,728854.94,1893901.4,223338.2,870448.1,0.0,175894.305,1303766.0090701755,2483992.905506062
India,IND,1908,175896.69,386651.4,16175956.0,734027.7,1936898.4,226385.4,870023.1,0.0,175894.305,1303766.0090701755,2483992.905506062
India,IND,1909,184079.1,375193.5,16206823.0,738399.9,1981149.2,227174.4,868369.94,0.0,175894.305,1303766.0090701755,2483992.905506062
India,IND,1910,175891.92,372219.4,16238152.0,742416.4,1960694.6,228257.66,866968.25,0.0,175894.305,1303766.0090701755,2483992.905506062
India,IND,1911,183027.58,379894.94,16278302.0,744373.25,1982779.1,229439.81,871687.3,0.0,175894.305,1303766.0090701755,2483992.905506062
India,IND,1912,198187.0,416751.4,16432181.0,745238.4,2016546.0,231440.72,876845.8,0.0,175894.305,1303766.0090701755,2483992.905506062
India,IND,1913,211749.03,441161.25,16525856.0,745996.1,2048638.5,232978.25,881764.9,0.0,175894.305,1303766.0090701755,2483992.905506062
India,IND,1914,212418.14,433304.66,16453986.0,746249.25,2048732.1,233141.17,886045.9,0.0,175894.305,1303766.0090701755,2483992.905506062
India,IND,1915,221986.47,437844.97,16448482.0,749182.6,2073701.2,235383.95,890542.7,0.0,175894.305,1303766.0090701755,2483992.905506062
India,IND,1916,226904.97,441670.03,16431479.0,748425.56,2088669.0,235661.22,894803.94,0.0,175894.305,1303766.0090701755,2483992.905506062
India,IND,1917,231649.03,458680.53,16471635.0,747920.1,2097329.8,236580.11,899429.0,0.0,175894.305,1303766.0090701755,2483992.905506062
India,IND,1918,245349.38,507169.72,16663631.0,747979.3,2122435.8,238980.72,904851.75,0.0,175894.305,1303766.0090701755,2483992.905506062
India,IND,1919,261031.81,546530.3,16815198.0,747605.9,2156582.0,240882.36,909984.9,0.0,175894.305,1303766.0090701755,2483992.905506062
India,IND,1920,242566.4,455293.25,16355413.0,745131.0,2133999.8,236706.0,911897.06,0.0,175894.305,1303766.0090701755,2483992.905506062
India,IND,1921,253297.58,461530.88,16358727.0,747535.25,2159355.5,238568.02,922469.0,0.0,175894.305,1303766.0090701755,2483992.905506062
India,IND,1922,251116.77,434156.62,16257904.0,752390.7,2165460.2,239723.12,934444.8,0.0,175894.305,1303766.0090701755,2483992.905506062
India,IND,1923,253605.44,423189.53,16238432.0,757794.25,2179488.2,241759.66,949099.44,0.0,175894.305,1303766.0090701755,2483992.905506062
India,IND,1924,260632.8,424799.4,16273100.0,763362.5,2200629.5,244458.27,961167.2,0.0,175894.305,1303766.0090701755,2483992.905506062
India,IND,1925,259900.34,398545.16,16184307.0,768252.56,2208011.0,245622.88,990758.3,0.0,175894.305,1303766.0090701755,2483992.905506062
India,IND,1926,261086.84,390729.2,16176679.0,771564.9,2210575.5,246812.77,1012925.4,0.0,175894.305,1303766.0090701755,2483992.905506062
India,IND,1927,270829.78,401198.25,16243798.0,775148.94,2233202.5,248867.86,1029402.56,0.0,175894.305,1303766.0090701755,2483992.905506062
India,IND,1928,234281.12,378666.53,16100359.0,778069.2,2131167.0,249302.77,1043005.7,0.0,175894.305,1303766.0090701755,2483992.905506062
India,IND,1929,242061.44,386077.12,16163217.0,781867.6,2155678.0,251271.84,1056981.2,0.0,175894.305,1303766.0090701755,2483992.905506062
India,IND,1930,246269.98,383655.44,16187901.0,785088.9,2173107.0,252709.3,1062357.9,0.0,175894.305,1303766.0090701755,2483992.905506062
India,IND,1931,240937.8,356757.56,16127453.0,788339.9,2185503.8,252542.38,1074047.5,0.0,175894.305,1303766.0090701755,2483992.905506062
India,IND,1932,236239.66,335203.38,16093678.0,791858.6,2197582.0,252792.66,1079824.1,0.0,175894.305,1303766.0090701755,2483992.905506062
India,IND,1933,235848.28,326937.03,16122652.0,796045.75,2214875.8,254007.52,1087566.6,0.0,175894.305,1303766.0090701755,2483992.905506062
India,IND,1934,248591.89,351980.72,16289224.0,801421.8,2252628.0,257270.73,1095715.9,0.0,175894.305,1303766.0090701755,2483992.905506062
India,IND,1935,254834.78,360089.06,16385462.0,806101.25,2280332.2,259465.95,1103161.5,0.0,175894.305,1303766.0090701755,2483992.905506062
India,IND,1936,254975.78,350692.9,16409701.0,811425.4,2296817.8,261127.14,1123082.0,0.0,175894.305,1303766.0090701755,2483992.905506062
India,IND,1937,269662.84,371586.7,16604929.0,820543.5,2333795.5,265361.0,1142895.9,0.0,175894.305,1303766.0090701755,2483992.905506062
India,IND,1938,288385.28,399433.56,16833558.0,829971.5,2376830.5,270187.34,1161513.5,0.0,175894.305,1303766.0090701755,2483992.905506062
India,IND,1939,288831.34,389277.75,16875718.0,837348.1,2391568.2,272038.9,1176604.1,0.0,175894.305,1303766.0090701755,2483992.905506062
India,IND,1940,300929.3,401702.1,17026008.0,845952.25,2427364.0,275589.22,1191176.9,0.0,175894.305,1303766.0090701755,2483992.905506062
India,IND,1941,308803.66,420485.03,17177664.0,849409.3,2452739.8,276702.03,1202176.9,0.0,175894.305,1303766.0090701755,2483992.905506062
India,IND,1942,314855.84,437330.66,17310508.0,852783.44,2473555.5,277700.75,1207606.6,0.0,175894.305,1303766.0090701755,2483992.905506062
India,IND,1943,305001.75,410244.56,17249256.0,854361.75,2474093.8,275697.78,1215767.5,0.0,175894.305,1303766.0090701755,2483992.905506062
India,IND,1944,314701.12,431292.1,17395284.0,858216.75,2500572.0,277190.3,1227769.2,0.0,175894.305,1303766.0090701755,2483992.905506062
India,IND,1945,332537.9,480402.53,17649434.0,863077.06,2533777.5,280606.44,1238660.1,0.0,175894.305,1303766.0090701755,2483992.905506062
India,IND,1946,335228.16,460946.5,17637992.0,868320.56,2545783.2,280842.12,1257328.6,0.0,175894.305,1303766.0090701755,2483992.905506062
India,IND,1947,317093.44,440369.44,14359488.0,704767.94,2067114.9,231115.75,1255220.2,0.0,175894.305,1303766.0090701755,2483992.905506062
India,IND,1948,321605.0,424728.78,14336878.0,708068.8,2076110.0,230832.33,1274554.8,0.0,175894.305,1303766.0090701755,2483992.905506062
India,IND,1949,333823.38,427292.16,14428883.0,714342.2,2099588.8,232277.17,1304370.5,0.0,175894.305,1303766.0090701755,2483992.905506062
India,IND,1950,413722.38,459698.84,14708875.0,717726.9,2333355.2,232980.33,1330772.4,0.0,175894.305,1303766.0090701755,2483992.905506062
India,IND,1951,435629.0,473134.5,15010090.0,725784.0,2380790.5,235500.62,1379767.1,0.0,175894.305,1303766.0090701755,2483992.905506062
India,IND,1952,449266.6,484132.25,15317131.0,736076.06,2398907.0,238913.95,1427465.4,0.0,175894.305,1303766.0090701755,2483992.905506062
India,IND,1953,461397.88,481767.53,15582360.0,745188.1,2423697.8,241311.47,1475504.1,0.0,175894.305,1303766.0090701755,2483992.905506062
India,IND,1954,496208.1,504298.06,15935033.0,754251.75,2508682.2,244262.0,1519890.1,0.0,175894.305,1303766.0090701755,2483992.905506062
India,IND,1955,550821.56,543877.8,16369793.0,763561.9,2640307.8,247983.25,1559886.0,0.0,175894.305,1303766.0090701755,2483992.905506062
India,IND,1956,571483.1,559817.2,16718020.0,774542.06,2703123.5,251672.58,1600079.8,0.0,175894.305,1303766.0090701755,2483992.905506062
India,IND,1957,617404.56,612544.3,17217976.0,787369.3,2804659.0,257841.14,1648021.1,0.0,175894.305,1303766.0090701755,2483992.905506062
India,IND,1958,639393.7,633866.6,17610576.0,800197.06,2864948.0,262520.0,1701604.5,0.0,175894.305,1303766.0090701755,2483992.905506062
India,IND,1959,668960.3,663323.44,17977954.0,810536.5,2936710.5,266772.6,1755607.5,0.0,175894.305,1303766.0090701755,2483992.905506062
India,IND,1960,705032.56,711709.7,18407888.0,821720.06,3002806.2,272108.53,1801845.2,0.0,175894.305,1303766.0090701755,2483992.905506062
India,IND,1961,744003.9,759425.44,18915210.0,836550.8,3100745.2,278596.1,1839433.5,0.0,175894.305,1303766.0090701755,2483992.905506062
India,IND,1962,807630.44,832472.3,19504998.0,852657.4,3256392.0,286112.88,1946423.6,0.0,175894.305,1303766.0090701755,2483992.905506062
India,IND,1963,854648.56,892441.4,20003104.0,867715.7,3356280.0,292605.66,2043895.9,0.0,175894.305,1303766.0090701755,2483992.905506062
India,IND,1964,857422.5,891282.9,20211354.0,877537.75,3403719.2,294366.97,2106121.8,0.0,175894.305,1303766.0090701755,2483992.905506062
India,IND,1965,922548.2,972731.1,20827850.0,894119.56,3542532.5,301637.72,2310378.8,0.0,175894.305,1303766.0090701755,2483992.905506062
India,IND,1966,985270.4,1030803.6,21000384.0,904211.9,3689060.5,305231.44,2775400.5,0.0,175894.305,1303766.0090701755,2483992.905506062
India,IND,1967,984298.44,1024377.25,21020438.0,915465.3,3634073.5,307971.25,3129932.2,0.0,175894.305,1303766.0090701755,2483992.905506062
India,IND,1968,1096740.1,1153741.1,21430754.0,930059.8,3918586.5,314588.44,3462427.2,0.0,175894.305,1303766.0090701755,2483992.905506062
India,IND,1969,1121193.1,1183171.6,21518438.0,938931.9,4016350.0,317160.47,3156976.5,0.0,175894.305,1303766.0090701755,2483992.905506062
India,IND,1970,1189654.5,1223001.9,21767410.0,949812.4,4162601.8,321049.25,3938937.5,0.0,175894.305,1303766.0090701755,2483992.905506062
India,IND,1971,1252079.8,1269872.8,22356850.0,975682.5,4381236.0,330538.62,4028805.2,0.0,175894.305,1303766.0090701755,2483992.905506062
India,IND,1972,1306756.6,1334550.5,22882502.0,999841.0,4489884.5,337835.2,4123242.2,0.0,175894.305,1303766.0090701755,2483992.905506062
India,IND,1973,1357983.6,1371278.5,23353588.0,1032079.2,4566602.0,347485.4,4220866.5,0.0,175894.305,1303766.0090701755,2483992.905506062
India,IND,1974,1479323.4,1449898.0,23855058.0,1058645.2,4628169.0,358501.56,4320883.5,0.0,175894.305,1303766.0090701755,2483992.905506062
India,IND,1975,1549728.2,1494417.5,24493198.0,1085351.2,4746196.5,367877.78,4423323.5,0.0,175894.305,1303766.0090701755,2483992.905506062
India,IND,1976,1639569.6,1557669.0,25196342.0,1114475.6,4858531.0,378903.62,4527282.5,0.0,175894.305,1303766.0090701755,2483992.905506062
India,IND,1977,1694537.1,1586565.4,25822508.0,1142917.2,4985603.5,389847.38,4632964.0,0.0,175894.305,1303766.0090701755,2483992.905506062
India,IND,1978,1696695.4,1553709.8,26293962.0,1153443.9,5109542.0,396022.44,4739667.5,0.0,175894.305,1303766.0090701755,2483992.905506062
India,IND,1979,1850253.9,1700438.4,26932658.0,1184932.1,5221478.5,414968.5,4849778.0,0.0,175894.305,1303766.0090701755,2483992.905506062
India,IND,1980,1960126.9,1806234.5,27552468.0,1206993.4,5348905.5,419641.97,4963276.5,0.0,175894.305,1303766.0090701755,2483992.905506062
India,IND,1981,2085119.9,1909046.4,27994218.0,1240412.6,5469053.0,433761.3,5079401.5,0.0,175894.305,1303766.0090701755,2483992.905506062
India,IND,1982,2089334.4,1989709.5,28654450.0,1263507.9,5635397.0,436087.47,5200284.0,0.0,175894.305,1303766.0090701755,2483992.905506062
India,IND,1983,2230154.2,2108672.0,29426014.0,1294118.0,5829479.0,449670.38,5323346.5,0.0,175894.305,1303766.0090701755,2483992.905506062
India,IND,1984,2378116.2,2289737.8,30415748.0,1339716.9,6019542.0,474115.47,5448240.5,0.0,175894.305,1303766.0090701755,2483992.905506062
India,IND,1985,2502792.0,2363232.2,31065226.0,1348031.0,6189483.5,472638.8,5573899.5,0.0,175894.305,1303766.0090701755,2483992.905506062
India,IND,1986,2695706.0,2492467.0,32065504.0,1368849.9,6416680.0,474627.28,5703003.0,0.0,175894.305,1303766.0090701755,2483992.905506062
India,IND,1987,2902877.8,2666441.5,33009712.0,1397711.2,6657025.0,483783.03,5830307.5,0.0,175894.305,1303766.0090701755,2483992.905506062
India,IND,1988,3091842.5,2818291.5,33984324.0,1442043.9,6905395.0,503099.1,5960478.0,0.0,175894.305,1303766.0090701755,2483992.905506062
India,IND,1989,3329090.8,2985601.8,35028830.0,1471852.4,7177937.5,513695.56,6088472.0,0.0,175894.305,1303766.0090701755,2483992.905506062
India,IND,1990,3471390.5,2950431.5,35889652.0,1521279.0,7188627.5,533315.25,6217600.5,0.0,175894.305,1303766.0090701755,2483992.905506062
India,IND,1991,3698625.0,3134693.2,36412756.0,1553297.0,7256039.0,546256.5,6343561.5,0.0,175894.305,1303766.0090701755,2483992.905506062
India,IND,1992,3887479.5,3301154.0,36785348.0,1566994.4,7289257.0,548531.75,6469025.0,0.0,175894.305,1303766.0090701755,2483992.905506062
India,IND,1993,4097796.0,3416338.0,37259416.0,1583104.6,7416288.0,547203.25,6594633.0,0.0,175894.305,1303766.0090701755,2483992.905506062
India,IND,1994,4322356.5,3575186.8,38109204.0,1621287.6,7593983.5,560748.0,6722935.5,0.0,175894.305,1303766.0090701755,2483992.905506062
India,IND,1995,4714343.0,3770639.0,38690788.0,1635942.8,7801380.0,567165.4,6854380.0,0.0,175894.305,1303766.0090701755,2483992.905506062
India,IND,1996,4935869.0,3903091.5,39145784.0,1672318.8,7919389.5,580212.75,6982320.0,0.0,175894.305,1303766.0090701755,2483992.905506062
India,IND,1997,5032185.0,4054808.0,39722880.0,1706459.8,8033342.5,594262.8,7117065.5,0.0,175894.305,1303766.0090701755,2483992.905506062
India,IND,1998,5130374.5,4185590.0,39715670.0,1696088.0,8147908.5,578832.1,7247373.0,0.0,175894.305,1303766.0090701755,2483992.905506062
India,IND,1999,5369614.0,4459202.5,39994120.0,1726813.4,8294976.5,593253.44,7377795.0,0.0,175894.305,1303766.0090701755,2483992.905506062
India,IND,2000,5459144.5,4464436.5,40519316.0,1743936.4,8514807.0,591145.06,7507091.0,0.0,175894.305,1303766.0090701755,2483992.905506062
India,IND,2001,5486460.5,4626577.5,40095412.0,1758629.4,8519952.0,589178.8,7621759.0,0.0,175894.305,1303766.0090701755,2483992.905506062
India,IND,2002,5536913.0,4819475.0,40720948.0,1788463.9,8643431.0,603214.7,7444621.5,0.0,175894.305,1303766.0090701755,2483992.905506062
India,IND,2003,5613899.5,5048158.0,40876504.0,1815935.0,8756073.0,609672.3,7631998.0,0.0,175894.305,1303766.0090701755,2483992.905506062
India,IND,2004,5987200.5,5300810.5,41587756.0,1863553.2,8895058.0,628692.94,7826805.0,0.0,175894.305,1303766.0090701755,2483992.905506062
India,IND,2005,6172657.0,5679230.5,42255692.0,1907214.4,9003291.0,643748.6,8095404.0,0.0,175894.305,1303766.0090701755,2483992.905506062
India,IND,2006,6395651.5,6429609.0,42516660.0,1957212.4,9159432.0,659224.9,8389207.0,0.0,175894.305,1303766.0090701755,2483992.905506062
India,IND,2007,6941128.0,6909605.0,43610172.0,1999166.9,9412377.0,677992.7,8621693.0,0.0,175894.305,1303766.0090701755,2483992.905506062
India,IND,2008,7429158.0,7188636.0,44993296.0,2093274.9,9619493.0,744340.1,8787458.0,0.0,175894.305,1303766.0090701755,2483992.905506062
India,IND,2009,7845862.0,7506832.5,46198330.0,2137862.0,9872276.0,770927.1,8915924.0,0.0,175894.305,1303766.0090701755,2483992.905506062
India,IND,2010,8157106.0,7882298.5,47508104.0,2206313.2,10128725.0,802943.1,9042492.0,0.0,175894.305,1303766.0090701755,2483992.905506062
India,IND,2011,8433210.0,7945750.5,48127470.0,2200258.8,10255634.0,797470.0,9165907.0,0.0,175894.305,1303766.0090701755,2483992.905506062
India,IND,2012,8838818.0,8423671.0,48281464.0,2237102.5,10265514.0,819746.9,9280364.0,0.0,175894.305,1303766.0090701755,2483992.905506062
India,IND,2013,8881673.0,8702854.0,48554436.0,2268378.0,10276069.0,820890.6,9392544.0,0.0,175894.305,1303766.0090701755,2483992.905506062
India,IND,2014,9296783.0,9619756.0,49107172.0,2304355.8,10345732.0,832984.56,9505006.0,0.0,175894.305,1303766.0090701755,2483992.905506062
India,IND,2015,9456908.0,9919560.0,49494332.0,2314108.0,10437811.0,836377.3,9615463.0,0.0,175894.305,1303766.0090701755,2483992.905506062
India,IND,2016,9325691.0,10089019.0,48954356.0,2357288.5,10428412.0,832819.9,9727593.0,0.0,175894.305,1303766.0090701755,2483992.905506062
India,IND,2017,9652189.0,10730660.0,49013332.0,2421807.0,10469923.0,842624.8,9840595.0,0.0,175894.305,1303766.0090701755,2483992.905506062
India,IND,2018,9818858.0,10795358.0,48736120.0,2440055.5,10479997.0,835241.3,9951087.0,0.0,175894.305,1303766.0090701755,2483992.905506062
India,IND,2019,9464296.0,10453512.0,47878940.0,2428371.0,10427760.0,815178.06,10061199.0,0.0,175894.305,1303766.0090701755,2483992.905506062
India,IND,2020,8575110.0,9621835.0,46350892.0,2447980.0,10265922.0,788972.5,10168386.0,0.0,175894.305,1303766.0090701755,2483992.905506062
India,IND,2021,9056502.0,10759438.0,46867750.0,2494958.0,10341310.0,802068.25,10278381.0,0.0,175894.305,1303766.0090701755,2483992.905506062
India,IND,2022,9350050.0,11243415.0,46949000.0,2498395.2,10349039.0,809142.8,10385615.0,0.0,175894.305,1303766.0090701755,2483992.905506062
